{
  "type": "minecraft:entity",
  "pools": [
    {
      "rolls": 1.0,
      "bonus_rolls": 0.0,
      "entries": [
        {
          "type": "minecraft:item",
          "functions": [
            {
              "function": "minecraft:set_count",
              "count": {
                "type": "minecraft:uniform",
                "min": 2.0,
                "max": 3.0
              },
              "add": false
            },
            {
              "function": "minecraft:looting_enchant",
              "count": {
                "type": "minecraft:uniform",
                "min": 0.0,
                "max": 1.0
              }
            }
          ],
          "name": "minecraft:leather"
        }
      ]
    },
    {
      "rolls": 1.0,
      "bonus_rolls": 0.0,
      "entries": [
        {
          "type": "minecraft:item",
          "functions": [
            {
              "function": "minecraft:set_count",
              "count": 1.0,
              "add": false
            }
          ],
          "name": "minecraft:blue_carpet"
        }
      ]
    },
    {
      "rolls": 1.0,
      "bonus_rolls": 0.0,
      "entries": [
        {
          "type": "minecraft:item",
          "name": "minecraft:emerald"
        }
      ],
      "conditions": [
        {
          "condition": "minecraft:killed_by_player"
        },
        {
          "condition": "minecraft:random_chance_with_looting",
          "chance": 0.05,
          "looting_multiplier": 0.02
        }
      ]
    }
  ]
}