{
  "parent": "minecraft:recipes/root",
  "rewards": {
    "recipes": [
      "rtol:leather_recipe2"
    ]
  },
  "criteria": {
    "mieso": {
      "trigger": "minecraft:inventory_changed",
      "conditions": {
        "items": [
          {
            "items": [
              "minecraft:rotten_flesh"
            ]
          }
        ]
      }
    },
    "has_the_recipe": {
      "trigger": "minecraft:recipe_unlocked",
      "conditions": {
        "recipe": "rtol:leather_recipe2"
      }
    }
  },
  "requirements": [
    [
      "mieso",
      "has_the_recipe"
    ]
  ]
}