{
	"display": {
		"icon": {
			"item": "minecraft:player_head",
			"nbt": "{SkullOwner:{Id:[I;0,0,0,0],Properties:{textures:[{Value:'eyJ0ZXh0dXJlcyI6eyJTS0lOIjp7InVybCI6Imh0dHA6Ly90ZXh0dXJlcy5taW5lY3JhZnQubmV0L3RleHR1cmUvMjY3MGExMzk1MWNlMzMxOWEzNTdhNjM0ZGM1MjgwMDlmYjgyNzE3OGUwYTg2YzI0OTVkMTc0OWFlOTdmNGI1MSJ9fX0='}]}}}"
		},
		"title": "poonxal's Data Packs",
		"frame": "challenge",
		"description": ["",{"text":"Sucessfully loaded data packs!\n","color":"gold"},{"text":"youtube.com/pixelicious","color":"red"}],
		"background": "minecraft:textures/block/iron_block.png",
		"show_toast": false,
		"announce_to_chat": false
	},
	"criteria": {
		"tick": {
			"trigger": "minecraft:tick"
		}
	}
}
